ID Empleado;Nombre Completo;Email;Nombre de Supervisor;Monto a pagar
1;Denis Tyler;denis_tyler@biz.com;Denis Tyler;4278.911400
2;Clarissa Parker;clarissa_parker@biz.com;Denis Tyler;2880.675000
3;Harmony Rycroft;harmony_rycroft@biz.com;Denis Tyler;4265.370600
4;Alan Patel;alan_patel@biz.com;Denis Tyler;4283.756700
5;Domenic Eaton;domenic_eaton@biz.com;Denis Tyler;4529.100000
6;Boris Wallace;boris_wallace@biz.com;Clarissa Parker;2804.768400
7;Maria Alexander;maria_alexander@biz.com;Clarissa Parker;4185.381300
8;Kurt Wright;kurt_wright@biz.com;Clarissa Parker;3559.435500
9;Dani James;dani_james@biz.com;Harmony Rycroft;4534.503300
10;Caitlyn Allen;caitlyn_allen@biz.com;Harmony Rycroft;4421.127000
11;Erick Uttley;erick_uttley@biz.com;Harmony Rycroft;3184.422300
12;Carmen Zaoui;carmen_zaoui@biz.com;Harmony Rycroft;3540.751800
13;Bernadette Dickson;bernadette_dickson@biz.com;Alan Patel;3810.442500
14;Clint Cork;clint_cork@biz.com;Alan Patel;4343.741700
15;Stella Rossi;stella_rossi@biz.com;Alan Patel;4206.836400
16;Angela Thornton;angela_thornton@biz.com;Alan Patel;3459.786000
17;Cameron Pickard;cameron_pickard@biz.com;Domenic Eaton;3834.901500
18;Enoch Umney;enoch_umney@biz.com;Domenic Eaton;4161.731400
19;Bryon Plant;bryon_plant@biz.com;Domenic Eaton;3843.745800
20;Charlize Horton;charlize_horton@biz.com;Domenic Eaton;3450.393000
21;Doug Kelly;doug_kelly@biz.com;Domenic Eaton;2823.052200
22;Elijah Eyres;elijah_eyres@biz.com;Domenic Eaton;3825.843300
23;Cassandra Connell;cassandra_connell@biz.com;Boris Wallace;3806.006400
24;Deborah Nurton;deborah_nurton@biz.com;Boris Wallace;3169.951500
25;Teagan Roberts;teagan_roberts@biz.com;Boris Wallace;3786.569400
26;Boris Spencer;boris_spencer@biz.com;Maria Alexander;3904.614300
27;Sabrina Robinson;sabrina_robinson@biz.com;Maria Alexander;4069.466100
28;Jacob Driscoll;jacob_driscoll@biz.com;Maria Alexander;4442.163600
29;Josh Downing;josh_downing@biz.com;Maria Alexander;2923.538700
30;Manuel Griffiths;manuel_griffiths@biz.com;Kurt Wright;3463.617600
31;Maddison Silva;maddison_silva@biz.com;Kurt Wright;3348.204600
32;Camellia Watson;camellia_watson@biz.com;Kurt Wright;3611.915400
33;Bob Booth;bob_booth@biz.com;Dani James;4402.554900
34;George Cassidy;george_cassidy@biz.com;Dani James;4016.186400
35;Hayden Collins;hayden_collins@biz.com;Dani James;3325.949700
36;Phillip Curtis;phillip_curtis@biz.com;Dani James;3825.238800
37;Barney Preston;barney_preston@biz.com;Caitlyn Allen;3290.377200
38;Hayden Bishop;hayden_bishop@biz.com;Caitlyn Allen;3381.749700
39;Abbey Goodman;abbey_goodman@biz.com;Caitlyn Allen;4269.509100
40;Caydence Mould;caydence_mould@biz.com;Caitlyn Allen;4556.990700
41;Josh Seymour;josh_seymour@biz.com;Erick Uttley;3520.803300
42;Penelope York;penelope_york@biz.com;Erick Uttley;2987.931900
43;Chester Carter;chester_carter@biz.com;Carmen Zaoui;2927.974800
44;Rose Abbey;rose_abbey@biz.com;Carmen Zaoui;3320.490600
45;Andrea Harvey;andrea_harvey@biz.com;Carmen Zaoui;3447.584400
46;Alice Hastings;alice_hastings@biz.com;Bernadette Dickson;3831.748800
47;Emerald Boyle;emerald_boyle@biz.com;Bernadette Dickson;4019.962200
48;Anthony Andersson;anthony_andersson@biz.com;Bernadette Dickson;3723.115500
49;Nick Lomax;nick_lomax@biz.com;Bernadette Dickson;4228.179900
50;Boris Doherty;boris_doherty@biz.com;Clint Cork;3251.912400
51;David Bowen;david_bowen@biz.com;Clint Cork;4367.503200
52;Sabrina Morris;sabrina_morris@biz.com;Clint Cork;4460.689200
53;Rhea Dempsey;rhea_dempsey@biz.com;Clint Cork;2905.403700
54;Katelyn White;katelyn_white@biz.com;Clint Cork;2881.149300
55;Leilani Reese;leilani_reese@biz.com;Stella Rossi;4210.575000
56;Roger Wild;roger_wild@biz.com;Charlize Horton;3135.606600
57;Ryan Grant;ryan_grant@biz.com;Charlize Horton;3397.885200
58;Kate Waterson;kate_waterson@biz.com;Charlize Horton;4285.607400
59;Lynn Martin;lynn_martin@biz.com;Doug Kelly;4445.437200
60;Benjamin Dowson;benjamin_dowson@biz.com;Doug Kelly;3037.221900
61;Domenic Yoman;domenic_yoman@biz.com;Doug Kelly;4000.804200
62;Jacob Carter;jacob_carter@biz.com;Elijah Eyres;4564.040100
63;Javier Holmes;javier_holmes@biz.com;Elijah Eyres;4090.335300
64;Henry Roscoe;henry_roscoe@biz.com;Elijah Eyres;3923.725800
65;Chadwick Bennett;chadwick_bennett@biz.com;Deborah Nurton;4576.409100
66;Liam Knight;liam_knight@biz.com;Deborah Nurton;3161.200200
67;Ramon Ellison;ramon_ellison@biz.com;Deborah Nurton;3675.350700
68;Alan Wilde;alan_wilde@biz.com;Boris Spencer;4027.225500
69;Rosie Hunt;rosie_hunt@biz.com;Boris Spencer;3068.172300
70;Percy Sherwood;percy_sherwood@biz.com;Boris Spencer;4132.389900
71;Jackeline Tobin;jackeline_tobin@biz.com;Boris Spencer;3739.092900
72;Celina Campbell;celina_campbell@biz.com;Sabrina Robinson;4004.328900
73;Mason Quinn;mason_quinn@biz.com;Sabrina Robinson;3207.960600
74;Danny Vallory;danny_vallory@biz.com;Sabrina Robinson;2897.601000
75;Lucas Skinner;lucas_skinner@biz.com;Manuel Griffiths;4326.369300
76;Tyler Rehman;tyler_rehman@biz.com;Manuel Griffiths;4252.973700
77;Daphne Mullins;daphne_mullins@biz.com;Manuel Griffiths;3753.266100
78;Selena Patel;selena_patel@biz.com;Maddison Silva;3389.208300
79;Charlize Whitmore;charlize_whitmore@biz.com;Maddison Silva;3195.805500
80;Brad Nurton;brad_nurton@biz.com;George Cassidy;3993.968700
81;Francesca Driscoll;francesca_driscoll@biz.com;George Cassidy;3926.748300
82;Rick Roth;rick_roth@biz.com;George Cassidy;4558.618200
83;Luke Walker;luke_walker@biz.com;George Cassidy;4459.275600
84;Russel Middleton;russel_middleton@biz.com;Hayden Collins;3637.732200
85;Michelle Mcgee;michelle_mcgee@biz.com;Hayden Collins;3844.266600
86;Margaret Hunter;margaret_hunter@biz.com;Phillip Curtis;3272.511900
87;Matt Woods;matt_woods@biz.com;Phillip Curtis;4473.095400
88;Ellen Becker;ellen_becker@biz.com;Phillip Curtis;3216.181800
89;Julius Robe;julius_robe@biz.com;Phillip Curtis;4497.805500
90;Jazmin Porter;jazmin_porter@biz.com;Barney Preston;3024.899400
91;Eduardo Dwyer;eduardo_dwyer@biz.com;Barney Preston;3827.145300
92;Ivette Webster;ivette_webster@biz.com;Abbey Goodman;3495.516600
93;Noah James;noah_james@biz.com;Abbey Goodman;2893.025400
94;Rosalee Cunningham;rosalee_cunningham@biz.com;Caydence Mould;4173.533100
95;Dasha Matthews;dasha_matthews@biz.com;Caydence Mould;3917.941200
96;Michelle Asher;michelle_asher@biz.com;Caydence Mould;4235.387400
97;Jacob Gray;jacob_gray@biz.com;Andrea Harvey;2936.270400
98;Cedrick Redden;cedrick_redden@biz.com;Andrea Harvey;3290.005200
99;Noah Thompson;noah_thompson@biz.com;Andrea Harvey;3615.040200
100;Tony Dillon;tony_dillon@biz.com;Andrea Harvey;2725.895100
101;Denny Dubois;denny_dubois@biz.com;Boris Doherty;3645.944100
102;Stacy Cassidy;stacy_cassidy@biz.com;David Bowen;3114.597900
103;Julianna Warren;julianna_warren@biz.com;David Bowen;4254.201300
104;Caleb Wild;caleb_wild@biz.com;David Bowen;3437.382300
105;Rosie Bishop;rosie_bishop@biz.com;David Bowen;3843.252900
106;Benjamin Rosenbloom;benjamin_rosenbloom@biz.com;Sabrina Morris;3539.589300
107;Bart Butler;bart_butler@biz.com;Sabrina Morris;3814.739100
108;Harry Nurton;harry_nurton@biz.com;Sabrina Morris;2691.950100
109;Lindsay Welsch;lindsay_welsch@biz.com;Rhea Dempsey;3724.984800
110;Ronald Everett;ronald_everett@biz.com;Rhea Dempsey;3031.242000
111;Alessandra Scott;alessandra_scott@biz.com;Rhea Dempsey;3998.637300
112;Alma Griffiths;alma_griffiths@biz.com;Rhea Dempsey;2871.784200
113;Jenna Powell;jenna_powell@biz.com;Katelyn White;4507.570500
114;John Furnell;john_furnell@biz.com;Katelyn White;3112.486800
115;Jamie Parker;jamie_parker@biz.com;Katelyn White;2888.208000
116;Anthony Scott;anthony_scott@biz.com;Katelyn White;3511.140600
117;Lucas Wilkinson;lucas_wilkinson@biz.com;Leilani Reese;2924.812800
118;Havana Watson;havana_watson@biz.com;Leilani Reese;4468.361700
119;Percy Hilton;percy_hilton@biz.com;Leilani Reese;3196.493700
120;Wade Booth;wade_booth@biz.com;Leilani Reese;2994.237300
121;Clarissa Gray;clarissa_gray@biz.com;Leilani Reese;3510.322200
122;Catherine Collins;catherine_collins@biz.com;Leilani Reese;3345.247200
123;Enoch Mitchell;enoch_mitchell@biz.com;Roger Wild;2988.694500
124;Abdul Heaton;abdul_heaton@biz.com;Roger Wild;3005.081100
125;Peyton Russel;peyton_russel@biz.com;Roger Wild;3997.995600
126;Andrea Ellison;andrea_ellison@biz.com;Ryan Grant;4236.540600
127;Carissa Quinnell;carissa_quinnell@biz.com;Ryan Grant;3787.313400
128;Estrella Gates;estrella_gates@biz.com;Ryan Grant;3979.163100
129;Mike Palmer;mike_palmer@biz.com;Ryan Grant;3624.954000
130;Carl Saunders;carl_saunders@biz.com;Kate Waterson;4082.672100
131;Michelle Stone;michelle_stone@biz.com;Kate Waterson;3872.045700
132;Aiden Craig;aiden_craig@biz.com;Kate Waterson;3650.250000
133;Natalie Vinton;natalie_vinton@biz.com;Lynn Martin;4117.695900
134;Matthew Pickard;matthew_pickard@biz.com;Lynn Martin;2679.181200
135;Sofia Steer;sofia_steer@biz.com;Lynn Martin;3703.604100
136;Tom Oliver;tom_oliver@biz.com;Lynn Martin;2722.333200
137;Agnes Chadwick;agnes_chadwick@biz.com;Benjamin Dowson;3456.717000
138;Mavis Turner;mavis_turner@biz.com;Benjamin Dowson;2911.095300
139;Rocco Shields;rocco_shields@biz.com;Benjamin Dowson;4359.030900
140;Caleb Jenkin;caleb_jenkin@biz.com;Benjamin Dowson;3303.462300
141;Roger Stevens;roger_stevens@biz.com;Domenic Yoman;3766.872000
142;Lucas Shea;lucas_shea@biz.com;Domenic Yoman;3482.757000
143;Stephanie Parker;stephanie_parker@biz.com;Jacob Carter;3605.256600
144;Cara Bayliss;cara_bayliss@biz.com;Jacob Carter;3808.619700
145;Francesca Sherwood;francesca_sherwood@biz.com;Jacob Carter;4093.674000
146;Daron Windsor;daron_windsor@biz.com;Javier Holmes;3099.504000
147;Harry Chapman;harry_chapman@biz.com;Javier Holmes;3571.609200
148;Rosalee Holmes;rosalee_holmes@biz.com;Javier Holmes;3166.566300
149;Skylar Attwood;skylar_attwood@biz.com;Javier Holmes;4191.854100
150;Alexander Sinclair;alexander_sinclair@biz.com;Henry Roscoe;4457.889900
151;Alex Rixon;alex_rixon@biz.com;Henry Roscoe;3535.813500
152;Paige Villiger;paige_villiger@biz.com;Henry Roscoe;3880.945800
153;Luke London;luke_london@biz.com;Henry Roscoe;4110.404700
154;Cedrick Price;cedrick_price@biz.com;Henry Roscoe;3855.370800
155;Christine Herbert;christine_herbert@biz.com;Chadwick Bennett;3296.403600
156;Charlize Miller;charlize_miller@biz.com;Percy Sherwood;3029.754000
157;Mike Barclay;mike_barclay@biz.com;Percy Sherwood;3301.602300
158;Carl Hood;carl_hood@biz.com;Percy Sherwood;3643.033200
159;Blake Noon;blake_noon@biz.com;Jackeline Tobin;3907.497300
160;Bryce Calderwood;bryce_calderwood@biz.com;Jackeline Tobin;2953.131300
161;Beatrice Bradshaw;beatrice_bradshaw@biz.com;Jackeline Tobin;3350.092500
162;Adelaide Fenton;adelaide_fenton@biz.com;Celina Campbell;3539.561400
163;Havana Whitmore;havana_whitmore@biz.com;Celina Campbell;2705.165400
164;Jules Mitchell;jules_mitchell@biz.com;Celina Campbell;3883.196400
165;Julia Olivier;julia_olivier@biz.com;Danny Vallory;3916.676400
166;Emerald Ross;emerald_ross@biz.com;Danny Vallory;4248.379500
167;Ciara Mcnally;ciara_mcnally@biz.com;Danny Vallory;4054.818600
168;Bryon Leigh;bryon_leigh@biz.com;Tyler Rehman;3351.617700
169;Caleb Boden;caleb_boden@biz.com;Tyler Rehman;4133.840700
170;Melanie Gray;melanie_gray@biz.com;Tyler Rehman;4149.957600
171;Kurt Allington;kurt_allington@biz.com;Tyler Rehman;2810.534400
172;Sage Forester;sage_forester@biz.com;Daphne Mullins;3242.054400
173;Barney Nielson;barney_nielson@biz.com;Daphne Mullins;3756.567600
174;Leroy Wild;leroy_wild@biz.com;Daphne Mullins;2712.261300
175;Elijah Collis;elijah_collis@biz.com;Brad Nurton;3335.882100
176;Remy Hancock;remy_hancock@biz.com;Brad Nurton;3665.409000
177;Lara Simpson;lara_simpson@biz.com;Brad Nurton;3036.384900
178;Alan Kelly;alan_kelly@biz.com;Francesca Driscoll;3371.826600
179;Benny Cattell;benny_cattell@biz.com;Francesca Driscoll;3910.054800
180;Jacqueline Davies;jacqueline_davies@biz.com;Russel Middleton;4398.267600
181;Ellen Gardner;ellen_gardner@biz.com;Russel Middleton;3232.205700
182;Michael Cameron;michael_cameron@biz.com;Russel Middleton;3824.290200
183;Marjorie Hepburn;marjorie_hepburn@biz.com;Russel Middleton;3884.898300
184;Percy Rixon;percy_rixon@biz.com;Michelle Mcgee;2959.892400
185;Goldie Giles;goldie_giles@biz.com;Michelle Mcgee;3523.249200
186;Bethany Whinter;bethany_whinter@biz.com;Margaret Hunter;3585.410400
187;Estrella Wallace;estrella_wallace@biz.com;Margaret Hunter;3301.332600
188;Shelby Tutton;shelby_tutton@biz.com;Margaret Hunter;2820.662100
189;Georgia Walsh;georgia_walsh@biz.com;Margaret Hunter;3340.318200
190;Lillian Robertson;lillian_robertson@biz.com;Matt Woods;3018.017400
191;Judith Anderson;judith_anderson@biz.com;Matt Woods;2876.694600
192;Chris Parker;chris_parker@biz.com;Julius Robe;3823.323000
193;Joseph Nelson;joseph_nelson@biz.com;Julius Robe;3775.269900
194;Remy Evans;remy_evans@biz.com;Jazmin Porter;2874.434700
195;Crystal Pierce;crystal_pierce@biz.com;Jazmin Porter;2677.637400
196;Florence Jacobs;florence_jacobs@biz.com;Jazmin Porter;2945.942400
197;Mike John;mike_john@biz.com;Dasha Matthews;3249.401400
198;Greta Olson;greta_olson@biz.com;Dasha Matthews;3265.788000
199;Remy Bryson;remy_bryson@biz.com;Dasha Matthews;3675.229800
200;Doris Mcnally;doris_mcnally@biz.com;Dasha Matthews;3554.469300
201;Logan Edmonds;logan_edmonds@biz.com;Tony Dillon;3442.934400
202;Emerald Lindsay;emerald_lindsay@biz.com;Denny Dubois;3627.120900
203;Peter Needham;peter_needham@biz.com;Denny Dubois;3027.029100
204;Jayden Gosling;jayden_gosling@biz.com;Denny Dubois;3770.489700
205;Maxwell Hill;maxwell_hill@biz.com;Denny Dubois;3584.173500
206;Regina Coleman;regina_coleman@biz.com;Stacy Cassidy;2720.687100
207;Celina Clarke;celina_clarke@biz.com;Stacy Cassidy;3091.152600
208;Nicholas Alldridge;nicholas_alldridge@biz.com;Stacy Cassidy;4099.021500
209;Vicky Mullins;vicky_mullins@biz.com;Julianna Warren;2882.767500
210;Cedrick Clark;cedrick_clark@biz.com;Julianna Warren;3409.733400
211;Scarlett Thompson;scarlett_thompson@biz.com;Julianna Warren;2962.487100
212;Chris Jarvis;chris_jarvis@biz.com;Julianna Warren;4074.125400
213;Ron Warner;ron_warner@biz.com;Caleb Wild;3152.634900
214;Shay Matthews;shay_matthews@biz.com;Caleb Wild;4017.367500
215;Daphne Clarke;daphne_clarke@biz.com;Caleb Wild;2618.275500
216;Priscilla Oldfield;priscilla_oldfield@biz.com;Caleb Wild;3523.035300
217;Alba Drake;alba_drake@biz.com;Rosie Bishop;3379.173600
218;Julian Milner;julian_milner@biz.com;Rosie Bishop;3319.077000
219;Nancy Quinnell;nancy_quinnell@biz.com;Rosie Bishop;3454.057200
220;Aiden Griffiths;aiden_griffiths@biz.com;Rosie Bishop;3648.083100
221;Carl Dillon;carl_dillon@biz.com;Rosie Bishop;2884.311300
222;Jessica Blackwall;jessica_blackwall@biz.com;Rosie Bishop;3677.015400
223;Sonya Ventura;sonya_ventura@biz.com;Benjamin Rosenbloom;3967.082400
224;Rosie Hancock;rosie_hancock@biz.com;Benjamin Rosenbloom;3055.022100
225;Percy Raven;percy_raven@biz.com;Benjamin Rosenbloom;3368.711100
226;Sage Dixon;sage_dixon@biz.com;Bart Butler;3595.352100
227;Michelle Zaoui;michelle_zaoui@biz.com;Bart Butler;4064.453400
228;Rick Oldfield;rick_oldfield@biz.com;Bart Butler;3466.342500
229;Elijah Kidd;elijah_kidd@biz.com;Bart Butler;3117.852900
230;Boris Collins;boris_collins@biz.com;Harry Nurton;3108.153000
231;Mabel Owen;mabel_owen@biz.com;Harry Nurton;3503.970300
232;Carissa Lambert;carissa_lambert@biz.com;Harry Nurton;3734.694000
233;Clint Matthews;clint_matthews@biz.com;Lindsay Welsch;3317.756400
234;Amy Newman;amy_newman@biz.com;Lindsay Welsch;3269.489400
235;Johnny Donnelly;johnny_donnelly@biz.com;Lindsay Welsch;3806.276100
236;Daron Waterson;daron_waterson@biz.com;Lindsay Welsch;2928.923400
237;Tony Nicolas;tony_nicolas@biz.com;Ronald Everett;3966.626700
238;Ronald Bryant;ronald_bryant@biz.com;Ronald Everett;4086.243300
239;Mavis Rees;mavis_rees@biz.com;Ronald Everett;3893.398500
240;Lana Walter;lana_walter@biz.com;Ronald Everett;4156.662900
241;Alba Strong;alba_strong@biz.com;Alessandra Scott;3948.463800
242;Mina Rosenbloom;mina_rosenbloom@biz.com;Alessandra Scott;3606.223800
243;Bristol Richards;bristol_richards@biz.com;Alma Griffiths;2957.520900
244;Isabel Trent;isabel_trent@biz.com;Alma Griffiths;4170.073500
245;Maxwell Dann;maxwell_dann@biz.com;Alma Griffiths;4108.972500
246;Aurelia Uddin;aurelia_uddin@biz.com;Jenna Powell;3070.181100
247;Rick Nayler;rick_nayler@biz.com;Jenna Powell;3335.212500
248;Maxwell King;maxwell_king@biz.com;Jenna Powell;4025.300400
249;Chad Knight;chad_knight@biz.com;Jenna Powell;3891.436200
250;Nathan Morgan;nathan_morgan@biz.com;John Furnell;3540.993600
251;Abdul Weatcroft;abdul_weatcroft@biz.com;John Furnell;4370.869800
252;Valentina Walker;valentina_walker@biz.com;John Furnell;3758.343900
253;Victoria Flack;victoria_flack@biz.com;John Furnell;2691.187500
254;Doug Tyler;doug_tyler@biz.com;John Furnell;4111.455600
255;Helen Vince;helen_vince@biz.com;Jamie Parker;3666.469200
256;Danny Neville;danny_neville@biz.com;Wade Booth;3831.693000
257;Tony Vince;tony_vince@biz.com;Wade Booth;4043.500500
258;Gwenyth Groves;gwenyth_groves@biz.com;Wade Booth;3728.118900
259;Brad Antcliff;brad_antcliff@biz.com;Clarissa Gray;3961.279200
260;Sarah Fleming;sarah_fleming@biz.com;Clarissa Gray;3771.931200
261;Ruth Yarlett;ruth_yarlett@biz.com;Clarissa Gray;2608.733700
262;Havana Rainford;havana_rainford@biz.com;Catherine Collins;4165.683900
263;John Stewart;john_stewart@biz.com;Catherine Collins;2990.415000
264;Rita Chapman;rita_chapman@biz.com;Catherine Collins;3389.245500
265;Adela Mould;adela_mould@biz.com;Abdul Heaton;2718.845700
266;Meredith Wright;meredith_wright@biz.com;Abdul Heaton;4261.380900
267;Aurelia Roberts;aurelia_roberts@biz.com;Abdul Heaton;3583.838700
268;David Jarvis;david_jarvis@biz.com;Andrea Ellison;2693.066100
269;Agnes Emmott;agnes_emmott@biz.com;Andrea Ellison;3651.059100
270;Noah Wigley;noah_wigley@biz.com;Andrea Ellison;3488.820600
271;Fred Savage;fred_savage@biz.com;Andrea Ellison;3584.192100
272;Julius Rycroft;julius_rycroft@biz.com;Carissa Quinnell;3977.991300
273;Courtney Morris;courtney_morris@biz.com;Carissa Quinnell;2673.564000
274;Jayden Ralph;jayden_ralph@biz.com;Carissa Quinnell;4194.021000
275;Angelina Strong;angelina_strong@biz.com;Carl Saunders;3898.076400
276;Liv Casey;liv_casey@biz.com;Carl Saunders;2647.245000
277;Alan Waterhouse;alan_waterhouse@biz.com;Carl Saunders;3690.221400
278;Leroy Jarvis;leroy_jarvis@biz.com;Michelle Stone;3781.789200
279;Boris Lee;boris_lee@biz.com;Michelle Stone;3189.797700
280;Gloria Robinson;gloria_robinson@biz.com;Matthew Pickard;3442.376400
281;Matthew Thorne;matthew_thorne@biz.com;Matthew Pickard;3299.388900
282;Stephanie Thomas;stephanie_thomas@biz.com;Matthew Pickard;4208.398800
283;Josh Addison;josh_addison@biz.com;Matthew Pickard;3452.411100
284;Tom Lewis;tom_lewis@biz.com;Sofia Steer;3676.875900
285;Emma Rogers;emma_rogers@biz.com;Sofia Steer;4304.235300
286;Percy Grant;percy_grant@biz.com;Tom Oliver;2622.404700
287;Leanne Flack;leanne_flack@biz.com;Tom Oliver;4285.309800
288;Martha Alexander;martha_alexander@biz.com;Tom Oliver;4163.647200
289;Mina Hamilton;mina_hamilton@biz.com;Tom Oliver;4148.144100
290;Barry Farrow;barry_farrow@biz.com;Agnes Chadwick;3823.416000
291;Kieth Carter;kieth_carter@biz.com;Agnes Chadwick;2766.787200
292;Sonya Sinclair;sonya_sinclair@biz.com;Rocco Shields;3364.275000
293;Abdul Barrett;abdul_barrett@biz.com;Rocco Shields;3548.201100
294;Bryce Owens;bryce_owens@biz.com;Caleb Jenkin;3751.155000
295;Elijah Stevens;elijah_stevens@biz.com;Caleb Jenkin;3132.230700
296;Maria Mcneill;maria_mcneill@biz.com;Caleb Jenkin;3600.597300
297;Kieth Riley;kieth_riley@biz.com;Francesca Sherwood;4370.637300
298;Johnny Bennett;johnny_bennett@biz.com;Francesca Sherwood;3478.413900
299;Ramon Clayton;ramon_clayton@biz.com;Francesca Sherwood;4339.845000
300;John Leslie;john_leslie@biz.com;Francesca Sherwood;3263.463000
301;Aurelia Chester;aurelia_chester@biz.com;Alexander Sinclair;3016.343400
302;Doug Edwards;doug_edwards@biz.com;Alex Rixon;3377.713500
303;Ron Edmonds;ron_edmonds@biz.com;Alex Rixon;3369.492300
304;Ronald Michael;ronald_michael@biz.com;Alex Rixon;3617.467500
305;Amy King;amy_king@biz.com;Alex Rixon;3826.605900
306;Emery Waterhouse;emery_waterhouse@biz.com;Paige Villiger;3971.044200
307;Manuel Radley;manuel_radley@biz.com;Paige Villiger;4284.556500
308;Kieth Wild;kieth_wild@biz.com;Paige Villiger;2670.820500
309;Angela Higgs;angela_higgs@biz.com;Luke London;4298.664600
310;Cassidy Button;cassidy_button@biz.com;Luke London;4082.272200
311;Rihanna Nobbs;rihanna_nobbs@biz.com;Luke London;3257.511000
312;Anthony Brown;anthony_brown@biz.com;Luke London;3207.988500
313;Tony Greenwood;tony_greenwood@biz.com;Cedrick Price;2991.326400
314;Percy Walton;percy_walton@biz.com;Cedrick Price;4169.004000
315;Marvin Harper;marvin_harper@biz.com;Cedrick Price;4256.814600
316;Shay Gonzales;shay_gonzales@biz.com;Cedrick Price;4249.635000
317;Benjamin Gibbons;benjamin_gibbons@biz.com;Christine Herbert;3793.488600
318;Hanna Warden;hanna_warden@biz.com;Christine Herbert;4078.003500
319;Michael Pitt;michael_pitt@biz.com;Christine Herbert;3270.000900
320;Nate Collins;nate_collins@biz.com;Christine Herbert;2955.307500
321;Ron Squire;ron_squire@biz.com;Christine Herbert;2662.878300
322;Nathan Summers;nathan_summers@biz.com;Christine Herbert;3240.175800
323;Hank Ripley;hank_ripley@biz.com;Charlize Miller;4099.421400
324;Quinn Price;quinn_price@biz.com;Charlize Miller;4175.541900
325;Melody Ventura;melody_ventura@biz.com;Charlize Miller;3813.995100
326;Tom Drew;tom_drew@biz.com;Mike Barclay;4098.379800
327;Kaylee Stanley;kaylee_stanley@biz.com;Mike Barclay;3060.620700
328;Bryon Williams;bryon_williams@biz.com;Mike Barclay;2758.556700
329;Shay Hamilton;shay_hamilton@biz.com;Mike Barclay;3965.036400
330;Miley Murray;miley_murray@biz.com;Carl Hood;3895.593300
331;Joseph Emmett;joseph_emmett@biz.com;Carl Hood;3686.938500
332;Alessia Groves;alessia_groves@biz.com;Carl Hood;4285.142400
333;Doug Stark;doug_stark@biz.com;Blake Noon;3706.124400
334;Bob Wilson;bob_wilson@biz.com;Blake Noon;3164.464500
335;Matthew Robinson;matthew_robinson@biz.com;Blake Noon;2531.832000
336;Bart Pitt;bart_pitt@biz.com;Blake Noon;3544.629900
337;Logan Gibson;logan_gibson@biz.com;Bryce Calderwood;4327.727100
338;Willow Giles;willow_giles@biz.com;Bryce Calderwood;3453.806100
339;Caitlyn Moss;caitlyn_moss@biz.com;Bryce Calderwood;4144.647300
340;Blake Collins;blake_collins@biz.com;Bryce Calderwood;4037.492700
341;Marvin Powell;marvin_powell@biz.com;Beatrice Bradshaw;2990.108100
342;Hank Reading;hank_reading@biz.com;Beatrice Bradshaw;3656.936700
343;Sebastian Collins;sebastian_collins@biz.com;Adelaide Fenton;3877.021200
344;Benny Emmott;benny_emmott@biz.com;Adelaide Fenton;4326.992400
345;Bart Mcleod;bart_mcleod@biz.com;Adelaide Fenton;3588.321300
346;Bob Edley;bob_edley@biz.com;Havana Whitmore;3184.664100
347;Phoebe Haines;phoebe_haines@biz.com;Havana Whitmore;4312.075200
348;Harry Raven;harry_raven@biz.com;Havana Whitmore;2814.189300
349;Kendra Stuart;kendra_stuart@biz.com;Havana Whitmore;4110.553500
350;Mason Rixon;mason_rixon@biz.com;Jules Mitchell;2651.355600
351;Johnny Clarke;johnny_clarke@biz.com;Jules Mitchell;4128.465300
352;Fred Burge;fred_burge@biz.com;Jules Mitchell;4071.484200
353;Maya Carter;maya_carter@biz.com;Jules Mitchell;3291.958200
354;Luna Oatway;luna_oatway@biz.com;Jules Mitchell;2580.917400
355;George Upton;george_upton@biz.com;Julia Olivier;4302.896100
356;Ryan Hunter;ryan_hunter@biz.com;Melanie Gray;3641.768400
357;Gil Cartwright;gil_cartwright@biz.com;Melanie Gray;2885.855100
358;Livia Hill;livia_hill@biz.com;Melanie Gray;2667.853800
359;Chad Miller;chad_miller@biz.com;Kurt Allington;3027.475500
360;Ronald Bristow;ronald_bristow@biz.com;Kurt Allington;3574.678200
361;Abdul Robinson;abdul_robinson@biz.com;Kurt Allington;3897.099900
362;Mark Wellington;mark_wellington@biz.com;Sage Forester;3783.072600
363;Ronald Wooldridge;ronald_wooldridge@biz.com;Sage Forester;2980.454700
364;Benjamin Thornton;benjamin_thornton@biz.com;Sage Forester;3484.989000
365;Tony Trent;tony_trent@biz.com;Leroy Wild;3039.705000
366;Teagan Shaw;teagan_shaw@biz.com;Leroy Wild;4238.949300
367;Noah Fall;noah_fall@biz.com;Leroy Wild;3091.998900
368;Phillip Bailey;phillip_bailey@biz.com;Remy Hancock;4039.789800
369;Juliette Dickson;juliette_dickson@biz.com;Remy Hancock;4063.597800
370;Clint Briggs;clint_briggs@biz.com;Remy Hancock;3483.807900
371;Owen Whinter;owen_whinter@biz.com;Remy Hancock;3027.726600
372;Dasha Reynolds;dasha_reynolds@biz.com;Lara Simpson;3058.295700
373;Ruby Bradley;ruby_bradley@biz.com;Lara Simpson;3935.778600
374;Hayden Whatson;hayden_whatson@biz.com;Lara Simpson;2797.393500
375;Bart Marshall;bart_marshall@biz.com;Jacqueline Davies;2688.806700
376;Davina Notman;davina_notman@biz.com;Jacqueline Davies;3577.365900
377;Allison Flett;allison_flett@biz.com;Jacqueline Davies;3169.123800
378;Percy Andrews;percy_andrews@biz.com;Ellen Gardner;2757.645300
379;Rufus Scott;rufus_scott@biz.com;Ellen Gardner;3465.003300
380;Maria Gibson;maria_gibson@biz.com;Percy Rixon;3336.579600
381;Julius Michael;julius_michael@biz.com;Percy Rixon;2875.746000
382;Paige Hamilton;paige_hamilton@biz.com;Percy Rixon;4276.530600
383;Eryn Poole;eryn_poole@biz.com;Percy Rixon;3943.069800
384;Javier Pierce;javier_pierce@biz.com;Goldie Giles;3726.919200
385;Russel Connell;russel_connell@biz.com;Goldie Giles;3784.114200
386;Tyson Ranks;tyson_ranks@biz.com;Bethany Whinter;4156.104900
387;Benny Woodley;benny_woodley@biz.com;Bethany Whinter;4286.360700
388;Lucas Cobb;lucas_cobb@biz.com;Bethany Whinter;3602.234100
389;Ally Gordon;ally_gordon@biz.com;Bethany Whinter;3626.265300
390;Alba Grady;alba_grady@biz.com;Estrella Wallace;4005.975000
391;Drew Lewis;drew_lewis@biz.com;Estrella Wallace;2964.598200
392;Bristol Morley;bristol_morley@biz.com;Georgia Walsh;2805.177600
393;Thea Dyson;thea_dyson@biz.com;Georgia Walsh;2554.235700
394;Grace Wild;grace_wild@biz.com;Lillian Robertson;2947.914000
395;Maxwell Hunter;maxwell_hunter@biz.com;Lillian Robertson;3709.360800
396;Nancy Strong;nancy_strong@biz.com;Lillian Robertson;3752.829000
397;Ivette Alexander;ivette_alexander@biz.com;Crystal Pierce;2544.563700
398;Rosalyn Veale;rosalyn_veale@biz.com;Crystal Pierce;2710.894200
399;Gil Hunt;gil_hunt@biz.com;Crystal Pierce;3553.669500
400;Abdul Gibbons;abdul_gibbons@biz.com;Crystal Pierce;4166.307000
401;Bristol Giles;bristol_giles@biz.com;Doris Mcnally;3702.534600
402;Bernadette Morley;bernadette_morley@biz.com;Logan Edmonds;2724.686100
403;Alessandra Blackwall;alessandra_blackwall@biz.com;Logan Edmonds;4178.052900
404;Lexi Carson;lexi_carson@biz.com;Logan Edmonds;3346.846800
405;Ethan Furnell;ethan_furnell@biz.com;Logan Edmonds;3701.241900
406;Josh Hunter;josh_hunter@biz.com;Emerald Lindsay;2960.022600
407;Charlotte Varndell;charlotte_varndell@biz.com;Emerald Lindsay;3634.430700
408;Eduardo Gregory;eduardo_gregory@biz.com;Emerald Lindsay;3580.221000
409;Carl Cann;carl_cann@biz.com;Peter Needham;3856.468200
410;Kaylee Reynolds;kaylee_reynolds@biz.com;Peter Needham;4256.489100
411;Noah Robertson;noah_robertson@biz.com;Peter Needham;3647.227500
412;Sabrina Goodman;sabrina_goodman@biz.com;Peter Needham;2813.194200
413;Audrey Neal;audrey_neal@biz.com;Jayden Gosling;2819.918100
414;Margot Osman;margot_osman@biz.com;Jayden Gosling;2745.611100
415;Cara Richards;cara_richards@biz.com;Jayden Gosling;3409.854300
416;Cedrick Furnell;cedrick_furnell@biz.com;Jayden Gosling;3787.406400
417;Martin Roth;martin_roth@biz.com;Maxwell Hill;3293.502000
418;Stella Dixon;stella_dixon@biz.com;Maxwell Hill;2847.846000
419;Maya Yoman;maya_yoman@biz.com;Maxwell Hill;3080.206500
420;Joy Morrow;joy_morrow@biz.com;Maxwell Hill;3958.851900
421;Hayden Aldridge;hayden_aldridge@biz.com;Maxwell Hill;3422.344200
422;Peter Rodwell;peter_rodwell@biz.com;Maxwell Hill;4005.072900
423;Manuel Bishop;manuel_bishop@biz.com;Regina Coleman;3301.323300
424;Clint Ring;clint_ring@biz.com;Regina Coleman;3124.176900
425;Shay James;shay_james@biz.com;Regina Coleman;3850.897500
426;Rocco Ellis;rocco_ellis@biz.com;Celina Clarke;3742.803600
427;Rick Overson;rick_overson@biz.com;Celina Clarke;2715.581400
428;Stella Lynch;stella_lynch@biz.com;Celina Clarke;2801.169300
429;Denis Yarlett;denis_yarlett@biz.com;Celina Clarke;3603.666300
430;Destiny Notman;destiny_notman@biz.com;Nicholas Alldridge;2423.580000
431;Kamila Andrews;kamila_andrews@biz.com;Nicholas Alldridge;3511.484700
432;Gwen Gosling;gwen_gosling@biz.com;Nicholas Alldridge;4104.043500
433;Ron Amstead;ron_amstead@biz.com;Vicky Mullins;3779.334000
434;Ivette Partridge;ivette_partridge@biz.com;Vicky Mullins;4100.100300
435;Denny Rowe;denny_rowe@biz.com;Vicky Mullins;2804.061600
436;Elena Whatson;elena_whatson@biz.com;Vicky Mullins;3632.152200
437;Aeris Brennan;aeris_brennan@biz.com;Cedrick Clark;3801.747000
438;Crystal Martin;crystal_martin@biz.com;Cedrick Clark;2927.137800
439;Nate Scott;nate_scott@biz.com;Cedrick Clark;3289.261200
440;Mark Shaw;mark_shaw@biz.com;Cedrick Clark;3012.623400
441;David Freeburn;david_freeburn@biz.com;Scarlett Thompson;2414.103300
442;Alexander Gaynor;alexander_gaynor@biz.com;Scarlett Thompson;2808.004800
443;Jennifer Hewitt;jennifer_hewitt@biz.com;Chris Jarvis;3331.585500
444;Chelsea Thompson;chelsea_thompson@biz.com;Chris Jarvis;3720.334800
445;Robyn Craig;robyn_craig@biz.com;Chris Jarvis;2632.802100
446;Sofia Bloom;sofia_bloom@biz.com;Ron Warner;3146.208600
447;Aisha Wellington;aisha_wellington@biz.com;Ron Warner;3481.110900
448;Willow Walker;willow_walker@biz.com;Ron Warner;3557.091900
449;Sofia Walsh;sofia_walsh@biz.com;Ron Warner;2972.493900
450;Jayden Collins;jayden_collins@biz.com;Shay Matthews;3664.051200
451;Ryan Webster;Ryan_Webster6612@hourpy.biz;Shay Matthews;2324.300000
452;Emmanuelle Tennant;Emmanuelle_Tennant8391@deavo.com;Shay Matthews;1498.120000
453;Madison Niles;Madison_Niles1183@naiker.biz;Shay Matthews;3174.050000
454;Julius Abbey;Julius_Abbey7193@liret.org;Shay Matthews;2367.390000
455;Chris Beal;Chris_Beal747@twipet.com;Daphne Clarke;825.920000
456;Bart Talbot;Bart_Talbot7475@sveldo.biz;Aiden Griffiths;4033.320000
457;Barney Patel;Barney_Patel1198@bretoux.com;Aiden Griffiths;496.500000
458;Leroy Grady;Leroy_Grady6771@yahoo.com;Aiden Griffiths;2564.500000
459;Summer Forth;Summer_Forth493@gompie.com;Carl Dillon;2262.920000
460;Selena Eyres;Selena_Eyres942@corti.com;Carl Dillon;2927.700000
461;Sara Dallas;Sara_Dallas3754@mafthy.com;Carl Dillon;227.640000
462;Cameron Chester;Cameron_Chester3738@bretoux.com;Jessica Blackwall;5251.950000
463;Madelyn Woodcock;Madelyn_Woodcock7383@muall.tech;Jessica Blackwall;583.300000
464;Harmony Roth;Harmony_Roth8138@naiker.biz;Jessica Blackwall;3213.270000
465;Tess Needham;Tess_Needham6921@tonsy.org;Rosie Hancock;642.770000
466;Nathan Preston;Nathan_Preston5065@naiker.biz;Rosie Hancock;3614.520000
467;Gwenyth Bullock;Gwenyth_Bullock2591@joiniaa.com;Rosie Hancock;3679.280000
468;Ethan Huggins;Ethan_Huggins5325@hourpy.biz;Sage Dixon;5444.010000
469;Daria James;Daria_James3577@hourpy.biz;Sage Dixon;3359.580000
470;Bree Thornton;Bree_Thornton4087@gompie.com;Sage Dixon;2856.060000
471;Georgia Michael;Georgia_Michael3024@nimogy.biz;Sage Dixon;4476.000000
472;Melanie Bullock;Melanie_Bullock1821@jiman.org;Michelle Zaoui;1629.680000
473;Georgia Giles;Georgia_Giles5785@irrepsy.com;Michelle Zaoui;523.920000
474;Denny Ventura;Denny_Ventura3325@twipet.com;Michelle Zaoui;105.240000
475;Marvin Richards;Marvin_Richards9884@supunk.biz;Boris Collins;582.300000
476;Roger Williams;Roger_Williams8567@brety.org;Boris Collins;1052.220000
477;William Allen;William_Allen9372@gompie.com;Boris Collins;3393.160000
478;Charlotte Ward;Charlotte_Ward5660@joiniaa.com;Mabel Owen;3608.360000
479;Anthony Brooks;Anthony_Brooks2669@brety.org;Mabel Owen;4341.310000
480;Cristal Murray;Cristal_Murray8938@typill.biz;Amy Newman;3073.290000
481;Phillip Shelton;Phillip_Shelton1141@bauros.biz;Amy Newman;1285.350000
482;Leroy Rivers;Leroy_Rivers9096@atink.com;Amy Newman;2195.720000
483;Daron Mcgregor;Daron_Mcgregor4462@hourpy.biz;Amy Newman;245.800000
484;Gwen Radley;Gwen_Radley168@twipet.com;Johnny Donnelly;2123.600000
485;Mona Atkinson;Mona_Atkinson9210@naiker.biz;Johnny Donnelly;2918.500000
486;Alexa Ralph;Alexa_Ralph2538@nickia.com;Daron Waterson;222.180000
487;Bart Noon;Bart_Noon486@iatim.tech;Daron Waterson;2754.600000
488;Ronald Wilton;Ronald_Wilton1904@irrepsy.com;Daron Waterson;3352.580000
489;Payton Baker;Payton_Baker4173@cispeto.com;Daron Waterson;2476.600000
490;Logan Weasley;Logan_Weasley4443@nickia.com;Tony Nicolas;2088.000000
491;Maxwell Taylor;Maxwell_Taylor6007@zorer.org;Tony Nicolas;2124.720000
492;Rosalee Gilmour;Rosalee_Gilmour3294@zorer.org;Mavis Rees;3466.520000
493;Barney Gordon;Barney_Gordon2322@gmail.com;Mavis Rees;2491.560000
494;Ivy Talbot;Ivy_Talbot8149@yahoo.com;Lana Walter;400.860000
495;Stephanie Rycroft;Stephanie_Rycroft5398@gmail.com;Lana Walter;1332.360000
496;Makena Crawley;Makena_Crawley4184@mafthy.com;Lana Walter;3451.160000
497;Boris Bailey;Boris_Bailey5789@twace.org;Maxwell Dann;892.350000
498;William Pickard;William_Pickard1707@ovock.tech;Maxwell Dann;1425.040000
499;Irene Michael;Irene_Michael3147@vetan.org;Maxwell Dann;2160.700000
500;Maxwell Fowler;Maxwell_Fowler569@muall.tech;Maxwell Dann;212.000000
501;Brad Paterson;Brad_Paterson4114@iatim.tech;Nathan Morgan;1811.520000
502;Alexander Osmond;Alexander_Osmond2234@infotech44.tech;Abdul Weatcroft;154.720000
503;Sydney Phillips;Sydney_Phillips7466@mafthy.com;Abdul Weatcroft;819.140000
504;Jacob Parr;Jacob_Parr971@sheye.org;Abdul Weatcroft;171.000000
505;Owen Burge;Owen_Burge8588@liret.org;Abdul Weatcroft;1970.500000
506;Hanna Verdon;Hanna_Verdon9269@grannar.com;Valentina Walker;2205.640000
507;Martin Logan;Martin_Logan7746@famism.biz;Valentina Walker;3517.260000
508;Henry Holt;Henry_Holt9583@gmail.com;Valentina Walker;4449.800000
509;Jazmin Kidd;Jazmin_Kidd2060@nimogy.biz;Victoria Flack;1859.000000
510;Barry Phillips;Barry_Phillips7278@corti.com;Victoria Flack;3332.680000
511;Adalie Stewart;Adalie_Stewart2857@typill.biz;Victoria Flack;4134.240000
512;Percy Clarke;Percy_Clarke1732@irrepsy.com;Victoria Flack;3009.000000
513;Courtney James;Courtney_James6697@eirey.tech;Doug Tyler;3524.640000
514;Benny Tyrrell;Benny_Tyrrell6921@grannar.com;Doug Tyler;2029.040000
515;Ally Stevenson;Ally_Stevenson7278@fuliss.net;Doug Tyler;3278.400000
516;Rosa Tait;Rosa_Tait1615@tonsy.org;Doug Tyler;944.000000
517;Tania Hamilton;Tania_Hamilton4392@sveldo.biz;Helen Vince;3505.890000
518;Louise Oatway;Louise_Oatway9597@nanoff.biz;Helen Vince;1779.840000
519;Sasha Allen;Sasha_Allen4909@bretoux.com;Helen Vince;3590.640000
520;Angela Briggs;Angela_Briggs9627@dionrab.com;Helen Vince;409.360000
521;Emery Townend;Emery_Townend1682@elnee.tech;Helen Vince;747.460000
522;Phillip Wilkinson;Phillip_Wilkinson2721@womeona.net;Helen Vince;2958.690000
523;Abbey Stanley;Abbey_Stanley9758@womeona.net;Danny Neville;3753.640000
524;Russel Blythe;Russel_Blythe5668@irrepsy.com;Danny Neville;1167.750000
525;Caydence Shea;Caydence_Shea5255@muall.tech;Danny Neville;914.240000
526;Eduardo Rigg;Eduardo_Rigg4159@yahoo.com;Tony Vince;2060.450000
527;Johnathan Mcgee;Johnathan_Mcgee878@brety.org;Tony Vince;3102.940000
528;Beatrice Saunders;Beatrice_Saunders44@deavo.com;Tony Vince;411.520000
529;Rosalee Kelly;Rosalee_Kelly4231@sveldo.biz;Tony Vince;973.940000
530;Rick Lynch;Rick_Lynch9604@muall.tech;Gwenyth Groves;4293.520000
531;Josh Bryant;Josh_Bryant4961@joiniaa.com;Gwenyth Groves;3145.710000
532;Denny Corbett;Denny_Corbett5233@muall.tech;Gwenyth Groves;2520.180000
533;Jane Marshall;Jane_Marshall2365@eirey.tech;Brad Antcliff;3488.120000
534;Hank Pearson;Hank_Pearson2502@guentu.biz;Brad Antcliff;3778.600000
535;Mark Terry;Mark_Terry8490@acrit.org;Brad Antcliff;3461.040000
536;Angelique Williams;Angelique_Williams4160@guentu.biz;Brad Antcliff;1775.400000
537;Amy Booth;Amy_Booth7726@cispeto.com;Sarah Fleming;2818.480000
538;Carissa Woodcock;Carissa_Woodcock6864@bungar.biz;Sarah Fleming;3846.060000
539;Esmeralda Olivier;Esmeralda_Olivier3578@jiman.org;Sarah Fleming;2571.480000
540;Russel Chappell;Russel_Chappell1666@bauros.biz;Sarah Fleming;446.290000
541;Moira Mann;Moira_Mann623@brety.org;Ruth Yarlett;1402.800000
542;Enoch Eddison;Enoch_Eddison1493@brety.org;Ruth Yarlett;1044.160000
543;Belinda Cork;Belinda_Cork6246@irrepsy.com;Havana Rainford;449.760000
544;Gabriel Forester;Gabriel_Forester7236@zorer.org;Havana Rainford;3907.200000
545;Danny Jones;Danny_Jones3252@iatim.tech;Havana Rainford;3204.320000
546;Carmella Osman;Carmella_Osman5847@deons.tech;John Stewart;2934.850000
547;Phillip Jones;Phillip_Jones6735@acrit.org;John Stewart;475.160000
548;Violet Stone;Violet_Stone385@twipet.com;John Stewart;3015.360000
549;Molly Russel;Molly_Russel9627@nanoff.biz;John Stewart;2681.270000
550;Eileen Cooper;Eileen_Cooper8813@mafthy.com;Rita Chapman;5621.150000
551;Isla Paterson;Isla_Paterson3053@corti.com;Rita Chapman;2831.500000
552;Laila Price;Laila_Price4422@corti.com;Rita Chapman;5173.010000
553;Lynn Briggs;Lynn_Briggs626@cispeto.com;Rita Chapman;72.220000
554;Nick Baker;Nick_Baker2843@gmail.com;Rita Chapman;2217.600000
555;Mackenzie Parker;Mackenzie_Parker4348@eirey.tech;Adela Mould;3478.880000
556;Melody Mann;Melody_Mann1569@nanoff.biz;Noah Wigley;828.660000
557;Phillip Kerr;Phillip_Kerr7@qater.org;Noah Wigley;535.920000
558;Thea Cox;Thea_Cox1810@corti.com;Noah Wigley;3066.660000
559;Jayden Henderson;Jayden_Henderson5561@brety.org;Fred Savage;2865.170000
560;Daria Adams;Daria_Adams4623@dionrab.com;Fred Savage;1142.460000
561;Anthony Maxwell;Anthony_Maxwell5158@sheye.org;Fred Savage;2715.770000
562;Anthony Tennant;Anthony_Tennant637@iatim.tech;Julius Rycroft;4118.540000
563;John Bright;John_Bright2743@gembat.biz;Julius Rycroft;3138.120000
564;Chester Tailor;Chester_Tailor2132@infotech44.tech;Julius Rycroft;266.720000
565;Phoebe Wilcox;Phoebe_Wilcox7988@kideod.biz;Jayden Ralph;2650.520000
566;Celia Miller;Celia_Miller7039@muall.tech;Jayden Ralph;3113.220000
567;Barney Weatcroft;Barney_Weatcroft907@tonsy.org;Jayden Ralph;1341.720000
568;Eduardo Gilmore;Eduardo_Gilmore2315@zorer.org;Liv Casey;1545.480000
569;Cristal Nielson;Cristal_Nielson5455@extex.org;Liv Casey;1662.610000
570;Manuel Wren;Manuel_Wren3557@hourpy.biz;Liv Casey;1614.600000
571;Percy Power;Percy_Power4976@ovock.tech;Liv Casey;2212.980000
572;Britney Dixon;Britney_Dixon735@liret.org;Alan Waterhouse;5351.420000
573;Samara Williams;Samara_Williams4170@yahoo.com;Alan Waterhouse;4543.560000
574;Rosa Russel;Rosa_Russel939@zorer.org;Alan Waterhouse;3711.200000
575;Erick Holmes;Erick_Holmes3524@supunk.biz;Gloria Robinson;314.580000
576;Makena Cann;Makena_Cann8004@naiker.biz;Gloria Robinson;1359.040000
577;Jane Tindall;Jane_Tindall8732@gembat.biz;Gloria Robinson;4942.080000
578;William Jarrett;William_Jarrett1386@vetan.org;Matthew Thorne;919.680000
579;Ronald Coates;Ronald_Coates9949@naiker.biz;Matthew Thorne;4437.840000
580;Peyton Robinson;Peyton_Robinson5139@vetan.org;Tom Lewis;4109.400000
581;Marjorie Alcroft;Marjorie_Alcroft4803@zorer.org;Tom Lewis;2193.910000
582;Bristol Knight;Bristol_Knight1107@mafthy.com;Tom Lewis;2829.000000
583;Alexander King;Alexander_King2761@gompie.com;Tom Lewis;675.720000
584;Maggie Funnell;Maggie_Funnell2106@grannar.com;Emma Rogers;4548.180000
585;Kirsten Norman;Kirsten_Norman4921@nickia.com;Emma Rogers;3735.900000
586;Joy Jefferson;Joy_Jefferson5639@mafthy.com;Percy Grant;176.120000
587;Denis Larkin;Denis_Larkin1936@extex.org;Percy Grant;1397.520000
588;Mabel Yoman;Mabel_Yoman92@gompie.com;Percy Grant;681.480000
589;Johnny Walton;Johnny_Walton5439@elnee.tech;Percy Grant;3708.000000
590;Josh Dann;Josh_Dann4349@gompie.com;Leanne Flack;1285.470000
591;Ryan Becker;Ryan_Becker9715@eirey.tech;Leanne Flack;3233.280000
592;Anais Gaynor;Anais_Gaynor8054@bulaffy.com;Mina Hamilton;1361.840000
593;Darlene Johnson;Darlene_Johnson5160@irrepsy.com;Mina Hamilton;2046.100000
594;Gil Wooldridge;Gil_Wooldridge2926@joiniaa.com;Barry Farrow;2484.060000
595;Adina Wright;Adina_Wright6434@jiman.org;Barry Farrow;3465.600000
596;Bart Davies;Bart_Davies530@bretoux.com;Barry Farrow;1462.640000
597;Cassidy Griffiths;Cassidy_Griffiths9890@sheye.org;Elijah Stevens;4293.600000
598;Audrey Pond;Audrey_Pond9422@famism.biz;Elijah Stevens;2095.200000
599;Faith Leigh;Faith_Leigh1026@kideod.biz;Elijah Stevens;3105.000000
600;Hank Jackson;Hank_Jackson776@sveldo.biz;Elijah Stevens;806.700000
 ; ; ;Subtotal;1955351.727400
 ; ; ;Impuestos a retener;120600.562600
 ; ; ;Total;2075952.290000
